Episode,Throughput,Workload,Safety,StateIndex,Action
1,10,3.33577991308997,1,4,1
2,20,8.4031218213767,1,8,1
3,30,9.84647273284911,1,9,1
4,40,4.13725492101368,1,6,1
5,50,1.3722337084541,1,3,1
6,60,1.78888825470412,1,2,1
7,61.0317185328742,0.554005222626371,1,2,1
8,59.9029684229614,9.74790459617511,1,9,1
9,60.8687485371774,5.06015837304015,1,4,1
10,60.7707671866744,6.99890549079315,1,8,1
11,61.2084603335466,0.184058409352259,1,1,1
12,62.7132517307921,6.7230446399708,1,9,1
13,63.65540736078,0,1,9,2
14,64.1994619809945,1.73327536329213,1,1,1
15,63.7578832637788,1.84697238755058,1,3,1
16,63.8034055439896,1.69816186803336,1,3,1
17,63.6959142068491,2.9076501802887,1,1,1
18,62.8069676002814,6.14855582693307,1,5,1
19,63.932704569765,2.67608261164237,1,6,1
20,63.324248537607,3.22227115091657,1,1,1
21,62.6468278813506,7.06501229009427,1,5,1
22,62.3183967561348,1.47640769548614,1,1,1
23,61.5141990216755,3.6127364141623,1,3,1
24,62.476311878573,2.19693427909302,1,6,1
25,62.5493000551931,4.24603911866722,1,6,1
26,62.8568696254682,6.5249165592512,1,8,1
27,62.3806724160545,2.27853781605675,1,3,1
28,60.9080584482865,8.25874897473185,1,6,1
29,61.0493021427958,5.41492513793071,1,5,1
30,60.7437548358567,0.520973455654901,1,3,1
31,60.9494387017093,5.35735846927268,1,4,1
32,61.2423531904689,0,1,2,2
33,61.2100365429174,0.639149256492314,1,1,1
34,60.9375698569706,5.32465539696851,1,7,3
35,60.9346389962858,4.74716229874069,1,7,3
36,60.9868147748781,7.61579980083403,1,8,1
37,61.0488672230065,2.84041349979555,1,2,1
38,61.4599535393481,0.709323927089395,1,3,1
39,61.774061554658,2.62050338215816,1,7,3
40,61.8301511424133,4.0834526593541,1,5,1
41,61.3727284577925,1.54323778214245,1,2,1
42,61.2650618239961,5.14793336501419,1,6,1
43,61.1840101992322,0.354260329458944,1,2,1
44,61.3758956757076,7.61032525169331,1,8,1
45,61.0591699472157,3.10013832715335,1,3,1
46,60.8387923658425,7.57631225540942,1,8,1
47,61.3034707866495,1.96651492411756,1,1,1
48,61.6353093107004,0,1,4,2
49,61.5415694682293,5.63268969797923,1,6,1
50,61.7283428593644,1.52361660767042,1,1,1
51,61.7135546524057,9.32424870047473,1,9,1
52,61.6888038455124,7.6842125456379,1,8,1
53,61.7873474306451,8.29814536414735,1,9,1
54,61.3643878449466,11.8932739943577,1,9,1
55,61.1646227936473,6.84532974456936,1,6,1
56,61.576545729775,0,1,8,2
57,61.58624326547,0.853535095751563,1,3,1
58,61.6111088256773,1.85828889631507,1,2,1
59,61.4405780729469,0.507600166348246,1,2,1
60,61.3793571166032,3.32282941617419,1,2,1
61,61.719007926643,2.44129428943366,1,6,1
62,61.8509856159897,0,1,3,2
63,61.646350027496,9.60128751544563,1,9,1
64,61.6589535089227,3.38443551903283,1,5,1
65,62.0085349596894,1.72933101693384,1,2,1
66,61.7944061905861,6.38109676316737,1,6,1
67,61.907571585985,1.19721478990605,1,1,1
68,62.086551595949,6.16638394250157,1,7,1
69,62.2566853845351,0.583764321485589,1,2,1
70,62.4250671602686,3.77679603859809,1,7,3
71,62.3584366510406,3.97349668268314,1,7,3
72,62.3068251344804,1.99344972471044,1,1,1
73,62.3318224635603,0.025772429500053,1,1,3
74,62.2154329677704,4.43846537913791,1,7,3
75,62.0576573281247,8.054772548573,1,9,1
76,61.8871861442418,8.49057058067815,1,8,1
77,62.1022528810082,5.4636816449899,1,8,1
78,62.0886778490012,0.716680560350114,1,2,1
79,61.7343743431565,4.99987261401713,1,4,1
80,61.8004171852612,0,1,3,2
81,62.0174625095826,5.96758247736065,1,9,1
82,62.0896628896524,5.42098239170177,1,4,1
83,62.0713840834645,3.24852412880473,1,5,1
84,61.8920370680154,0.756448469036779,1,3,1
85,61.8426978377825,3.17501969655073,1,3,1
86,61.8214523516356,3.24569917352502,1,2,1
87,61.9458508272164,5.77549347090506,1,8,1
88,61.8538791231532,6.95715344891067,1,4,1
89,61.701067867892,10.4278233504353,1,9,1
90,61.7031498118792,4.55559573498327,1,4,1
91,61.5724234923817,1.38507782317621,1,3,1
92,61.4235411743728,8.45117242359634,1,8,1
93,61.483279557666,6.73301146608093,1,8,1
94,61.4534153088043,5.65200573818869,1,5,1
95,61.5668764881659,3.08789773331718,1,7,3
96,61.3874579672562,6.12060611490944,1,4,1
97,61.3397600847896,5.41348335573682,1,4,1
98,61.3889335800209,0,1,4,2
99,61.2339050610753,0.308693255772074,1,3,1
100,61.2373392018083,1.03423612289292,1,2,1
101,60.9657289575179,0.44441642297881,1,1,1
102,60.9366454680955,6.49663371247501,1,6,1
103,61.0396878173564,2.52082857677853,1,3,1
104,60.951113645514,5.7387147523262,1,6,1
105,60.8725707344055,10.0633208517006,1,9,1
106,60.9300576682877,2.1737937508358,1,1,1
107,60.8056150716033,4.86625958915128,1,5,1
108,60.564022252691,10.6162548469738,1,9,1
109,60.6001905136558,2.09678584467701,1,2,1
110,60.4227741407881,1.00041198183133,1,1,1
111,60.5539552197864,2.18245879063564,1,3,1
112,60.5800982531666,1.51431919730178,1,1,1
113,60.6643857770265,3.81127951748707,1,7,3
114,60.4876298357689,10.6144584776754,1,8,1
115,60.4075901818392,7.20322142803133,1,5,1
116,60.4862412281665,7.23738080813776,1,8,1
117,60.5533543035925,3.4331895537678,1,7,3
118,60.4692705441746,2.12199341481787,1,3,1
119,60.6222947327508,3.06149090445367,1,7,3
120,60.5453060415791,6.06523618435272,1,4,1
121,60.4170334667849,10.0426351362274,1,9,1
122,60.40528699552,8.98377635922418,1,9,1
123,60.07965404494,5.22956673624607,1,3,1
124,60.0971383973721,1.04567110612614,1,3,1
125,60.0165083328349,2.6432773472732,1,2,1
126,59.9463461647005,4.83660070814308,1,5,1
127,59.9561176453999,3.99356657487085,1,7,3
128,60.1900882456524,4.30365291628172,1,8,1
129,59.962097493352,0.102954553803377,1,2,1
130,59.9838211637557,4.83749569312968,1,4,1
131,60.0328439689354,3.69788532758031,1,6,1
132,60.1932524434113,1.40426435521809,1,2,1
133,60.1830221361142,1.2197802232107,1,1,1
134,60.1708510453137,3.39418817098794,1,4,1
135,60.075885410915,11.2686020513386,1,8,1
136,60.0000744706807,3.74628014836212,1,1,1
137,60.0966527447507,4.02350578693929,1,6,1
138,59.9667744960526,9.03752090528063,1,8,1
139,60.0212570679501,1.58335913889153,1,5,3
140,59.9476014715226,11.3649845585116,1,8,1
141,59.8027217635278,12.8315254912065,1,9,1
142,59.7967993166601,2.55041819656802,1,2,1
143,59.7198534574747,5.83145479852727,1,5,1
144,59.8189920917319,2.26693384094703,1,2,1
145,59.8294855124108,2.76590019735739,1,1,1
146,59.7285865525567,0.454989502886998,1,3,1
147,59.7357486348631,5.97465737103169,1,6,1
148,59.7596812066507,4.70914270269177,1,5,1
149,59.7547892442601,0.512151662733106,1,3,1
150,59.6280870198548,3.67429126339064,1,3,1
151,59.7330245128054,0,1,9,2
152,59.7852429508552,2.05529405996831,1,3,1
153,59.7597778403308,1.54643710169516,1,2,1
154,59.7190078749892,5.35751005118523,1,5,1
155,59.8401394995391,6.76650543594479,1,8,1
156,59.8931337181187,2.06767387414503,1,3,1
157,59.9888937249928,2.50737299787795,1,7,3
158,60.0310984646554,6.68635544046069,1,9,1
159,60.032593205105,2.33018418303478,1,3,1
160,60.013047286578,3.81928195248324,1,7,3
161,59.9751983556445,3.99532054057269,1,6,1
162,59.9397246129292,6.83504283046221,1,4,1
163,59.9752247865599,5.58779688994269,1,5,1
164,59.8626369302003,6.95130717340179,1,6,1
165,59.8681057735324,0.879204542095127,1,1,1
166,59.7912422993,10.1314036944279,1,9,1
167,59.7807027609886,3.29169974760541,1,3,1
168,59.8868719877616,1.30549776154011,1,2,1
169,59.8644169784859,0.430239592444566,1,1,1
170,59.89303695484,5.40538420053122,1,4,1
171,59.88299084211,6.88433963023186,1,8,1
172,59.9251573109415,0.145865676469932,1,3,1
173,59.8310770525978,6.44893555926693,1,5,1
174,59.9538050419158,0.71521574593167,1,1,3
175,59.920422050052,7.03840721227752,1,5,1
176,59.9375865143863,1.63778424013291,1,2,1
177,59.9096756374742,7.40944963556584,1,9,1
178,59.8425930354093,4.57802803445973,1,4,1
179,59.8687709652221,4.2615409373251,1,9,3
180,59.900246023788,1.23594646987969,1,2,1
181,59.9239761730021,3.15160168097482,1,6,1
182,60.0501947700022,0.697458792961329,1,2,1
183,60.0824756740051,8.24546739553753,1,8,1
184,60.0401217134435,9.877482634452,1,9,1
185,59.8922927762214,3.72358771817622,1,1,1
186,59.8388949067848,7.64442341727267,1,6,1
187,59.7615198653276,10.0662650933707,1,8,1
188,59.7388313304396,5.95690398051104,1,4,1
189,59.6837198633135,6.17438446842736,1,5,1
190,59.7395238225545,0,1,3,2
191,59.6146108919234,1.29432759369943,1,1,1
192,59.6436088106086,4.02271079384638,1,8,3
193,59.7079106336378,7.11616367979107,1,8,1
194,59.8053544415119,0,1,5,2
195,59.8105943250038,3.33340504476123,1,4,1
196,59.7459924128341,4.17146710003727,1,6,1
197,59.7396233052652,7.37260412468952,1,9,1
198,59.7561791859191,8.37552541053656,1,9,1
199,59.630134323305,12.5365926734302,1,9,1
200,59.7026019364091,2.93816211455133,1,7,3
201,59.7627303943136,0,1,6,2
202,59.8384036360445,0.625440353591872,1,1,1
203,59.8253283131009,1.68819755987203,1,1,1
204,59.6790164975313,13.4613631731334,1,8,1
205,59.700499977563,5.61899938994056,1,5,1
206,59.6195849956612,0.117499320967926,1,3,1
207,59.6782409009534,0.402289698577697,1,2,3
208,59.6480094965749,3.64010436608545,1,8,3
209,59.5932976136715,0.0604858141684967,1,1,1
210,59.5164585326515,2.0536998367337,1,3,1
211,59.6547286088698,2.74366894683293,1,5,1
212,59.5648044229122,9.17511424013754,1,8,1
213,59.5219917111379,7.49238176681438,1,4,1
214,59.558252627421,1.93285866356239,1,3,1
215,59.4982898035274,8.62022216374102,1,8,1
216,59.5395740786584,2.00259721534024,1,1,1
217,59.4803218804755,3.95972521917707,1,1,1
218,59.5226712621542,6.26755688338807,1,8,1
219,59.5068385967654,6.92732884817675,1,5,1
220,59.5182792300196,4.03378299098996,1,7,3
221,59.5686952073631,5.38151182524102,1,6,1
222,59.5849650059424,5.35020835783837,1,4,1
223,59.6711646276208,0.633510118534366,1,2,1
224,59.6714011816656,3.62378974126159,1,6,1
225,59.7122907112353,2.18077559306261,1,2,1
226,59.7045773395256,2.50591722113758,1,2,1
227,59.7253007148062,8.90101851029506,1,8,1
228,59.7639608996016,3.30800863401101,1,4,1
229,59.720029788177,10.4105467491476,1,9,1
230,59.7497201126109,5.57367585936411,1,5,1
231,59.6467060017958,11.0363912664049,1,9,1
232,59.5549721081198,6.73395916764325,1,4,1
233,59.5324123507891,6.2514435131309,1,4,1
234,59.5216686847925,5.15774755076681,1,4,1
235,59.3852385020978,3.00921025483981,1,2,1
236,59.442465764793,5.61596810117703,1,8,1
237,59.5035096699436,1.05099038213407,1,3,3
238,59.5633611458706,0.185592947868548,1,2,1
239,59.5274948804268,7.34373614531404,1,6,1
240,59.5907900940829,1.30481625193371,1,1,1
241,59.579755038381,9.75749340964935,1,9,1
242,59.4757897285065,13.5744228349706,1,9,1
243,59.4180956776071,11.3182814967648,1,9,1
244,59.4153893864978,3.75970463096991,1,6,1
245,59.4630729644792,0.124794221303773,1,3,1
246,59.4285398235398,10.566385476956,1,8,1
247,59.4151102458917,4.53982378091175,1,4,1
248,59.4876826263561,3.35841818633651,1,7,3
249,59.5469308393846,7.15790321652488,1,9,1
250,59.528003484255,9.24209629709549,1,8,1
251,59.4904108056635,3.41894717494624,1,3,1
252,59.4699299302394,4.17900101248981,1,5,1
253,59.4588574181495,4.46944874737619,1,7,3
254,59.4525876078497,3.21140379930058,1,1,1
255,59.4504677132658,1.71743439276259,1,2,1
256,59.4553529454368,5.45749865495381,1,5,1
257,59.499163637003,7.60056303148836,1,7,1
258,59.538439165748,2.86538436693982,1,8,3
259,59.5555308418413,2.6287889397109,1,4,3
260,59.5425293197061,1.02193583254808,1,2,1
261,59.5081389657864,7.04588686123711,1,4,1
262,59.5118639079395,9.6905654625138,1,9,1
263,59.4843260798669,1.56831258556525,1,2,1
264,59.4671023214569,5.57565232889104,1,5,1
265,59.492074381851,3.87680075160198,1,7,3
266,59.4601193950927,8.48342140704722,1,7,1
267,59.5033321936601,5.60116672136443,1,8,1
268,59.5040498417467,7.05417806410783,1,8,1
269,59.5400826756398,2.98826869764345,1,5,1
270,59.5611824150053,2.64784537850279,1,1,1
271,59.5649121653277,7.9727184798866,1,8,1
272,59.5485738647461,8.65637511476448,1,9,1
273,59.5024557006751,10.4523128627124,1,9,1
274,59.5912593762008,0,1,7,2
275,59.5249326381771,6.72003492659244,1,5,1
276,59.5255779517731,5.02940375539663,1,4,1
277,59.5415957032291,3.68781457378378,1,7,3
278,59.6322071651821,3.73745851807736,1,6,1
279,59.6487452579283,3.20547830884833,1,7,3
280,59.6694373691606,3.55692944959739,1,8,3
281,59.7662726967082,4.77668711055349,1,8,1
282,59.7988224477379,2.85379432274702,1,6,1
283,59.8269523583663,3.25686762245137,1,5,1
284,59.7666856326049,1.19766185748044,1,1,1
285,59.786977154345,5.19964488001945,1,5,1
286,59.7894023873103,0.354874813444879,1,2,1
287,59.8269802480488,3.81373163983575,1,4,1
288,59.811336768147,5.77460131219527,1,5,1
289,59.8383359892709,2.48965139931618,1,1,1
290,59.877547607093,4.72929372076448,1,4,1
291,59.8748531415339,0.308245153826147,1,2,1
292,59.9686724271357,0.201776301459677,1,1,1
293,59.9903943912839,7.27893617231499,1,8,1
294,60.0763193008759,2.06823461407843,1,5,1
295,60.112084442473,1.03916488091738,1,3,1
296,60.1297238662691,4.72603088519648,1,4,1
297,60.115806908259,4.08233166846217,1,7,3
298,60.1091118954593,2.22258818838004,1,1,1
299,60.1050635908507,6.27185963015941,1,5,1
300,60.1110131794358,0.813476837045267,1,3,1
301,60.1398963279363,0,1,1,2
302,60.1566270010855,4.82942342386025,1,6,1
303,60.1927638696785,4.36899599344505,1,4,1
304,60.1694378098201,7.03447913953283,1,5,1
305,60.2153398476916,5.46993253263328,1,9,1
306,60.2441533703768,8.29242985032445,1,9,1
307,60.2422689942537,5.18862676437258,1,6,1
308,60.2250377167365,3.46520993667699,1,3,1
309,60.2242625436485,7.91364089772843,1,8,1
310,60.2140335988901,2.83263358122269,1,3,1
311,60.1545955698062,5.64840776892736,1,4,1
312,60.2295555303838,0.477369669701353,1,3,1
313,60.2447076314731,0.232315841644494,1,2,1
314,60.2525231793863,9.07945910157783,1,9,1
315,60.2619041276137,7.84218695344681,1,8,1
316,60.2759683710249,6.35863586927048,1,8,1
317,60.2154866466327,5.32573876628447,1,5,1
318,60.1958622489334,1.89885664097013,1,3,1
319,60.2043001786407,0.743433153293583,1,1,3
320,60.2195892077377,2.27668460942395,1,1,1
321,60.1693493328832,6.88205583736509,1,4,1
322,60.1372093931221,4.16778236928941,1,7,3
323,60.0868046162202,8.2665938612173,1,9,1
324,60.1494064845497,1.81735536909965,1,1,1
325,60.1870971100604,7.46801094948803,1,9,1
326,60.2033749229584,6.66501624262031,1,8,1
327,60.1820085589104,6.09493927570043,1,4,1
328,60.1655332298005,6.62442143840866,1,6,1
329,60.216951242603,3.0015198728386,1,5,1
330,60.2321165989983,2.22916053430384,1,2,1
331,60.2337864873444,3.44518348797843,1,5,1
332,60.2397663361155,7.28575479402838,1,9,1
333,60.2586626437429,0,1,1,2
334,60.2651988660879,1.09958904923449,1,3,1
335,60.2152853550426,0.57610853476635,1,3,1
336,60.2552764821566,0.311236001355726,1,2,1
337,60.2948098805555,3.23488954238799,1,7,3
338,60.3124555458652,6.20853703822832,1,8,1
339,60.2664633499402,5.90439980482571,1,4,1
340,60.2425405790387,1.09754528847211,1,1,1
341,60.2423330703044,2.42297204555444,1,4,3
342,60.2625065090996,4.09161514968143,1,5,1
343,60.249630484742,1.84344337382616,1,3,1
344,60.3043508170034,0,1,6,2
345,60.2947848031128,4.17243887427648,1,6,1
346,60.269978025296,6.97697417105913,1,5,1
347,60.2617295774926,6.60859631650176,1,5,1
348,60.3164387914594,0,1,2,2
349,60.285005725007,4.34742330513879,1,6,1
350,60.3365638349422,4.35190281281078,1,4,1
351,60.2891390502136,6.31917536696966,1,6,1
352,60.3552584240273,5.2267693652707,1,8,1
353,60.3454675790602,6.89563506739413,1,5,1
354,60.3983491563776,1.11349022272685,1,3,1
355,60.4604629859755,0.443414380662158,1,2,1
356,60.4666953901776,6.10426427262208,1,6,1
357,60.4832522570538,0.233643285139926,1,3,1
358,60.4816777030824,5.834360827673,1,5,1
359,60.4863536685539,4.47324172657311,1,7,3
360,60.5620333502394,3.07738226243631,1,5,1
361,60.6158435544302,2.60695882149939,1,6,1
362,60.6077038700178,6.58906549952914,1,4,1
363,60.6210623495709,4.15666359862613,1,5,1
364,60.5829380507908,6.5624080692062,1,5,1
365,60.5729222641302,9.79363573668651,1,9,1
366,60.5377784395043,4.58028042656361,1,4,1
367,60.5058262842056,11.332100772236,1,9,1
368,60.5101046215598,8.70476977780012,1,9,1
369,60.4983953061602,2.05107729858481,1,1,1
370,60.5207320409893,0.593234401991243,1,1,1
371,60.5489274202104,0.824144634603855,1,3,1
372,60.5900170842186,0,1,1,2
373,60.5911880430489,0.923164294887585,1,3,1
374,60.5612914572769,7.9230819284929,1,8,1
375,60.527823018634,0.845433485552821,1,1,1
376,60.4858519624216,3.95669001620929,1,3,1
377,60.4285806842882,11.340976695907,1,8,1
378,60.429069010912,0.227833749536649,1,2,1
379,60.4542316907026,6.6934836160111,1,8,1
380,60.450754743422,2.85331115662755,1,2,1
381,60.4878886738391,0,1,1,2
382,60.51714611957,0,1,8,2
383,60.495715699469,6.98985366094594,1,6,1
384,60.4912064602668,4.43473373298095,1,7,3
385,60.5009624896453,6.77687769857459,1,8,1
386,60.5177084416468,7.04152272578365,1,8,1
387,60.5240369897902,2.67872857682928,1,3,1
388,60.5334780473147,1.63047776194147,1,1,1
389,60.4797857830242,9.92333598143728,1,9,1
390,60.5041968465942,6.68012730409488,1,8,1
391,60.5320939807668,4.01837405387281,1,7,3
392,60.5769597517789,2.89697614340502,1,4,1
393,60.5626035018554,4.00967250500991,1,4,1
394,60.5582551375974,7.88580273215546,1,8,1
395,60.5682863164812,3.11668766469126,1,5,1
396,60.6227576728541,5.90407114982589,1,9,1
397,60.6294637981383,8.05354392146134,1,8,1
398,60.6357324883083,4.04358775766721,1,4,1
399,60.6083197508376,8.73105134255923,1,8,1
400,60.5960016544839,8.05304556953324,1,9,1
401,60.6124745445556,0.903622335230546,1,1,1
402,60.6234678797728,4.0840497917876,1,7,3
403,60.571738746255,6.67564977767812,1,4,1
404,60.5719406844833,8.14723472010845,1,9,1
405,60.5584200921857,3.42410057412645,1,2,1
406,60.6206553825172,5.05667106036935,1,8,1
407,60.6182882504102,3.86827490735616,1,6,1
408,60.6897202555391,0.0541882574014918,1,3,1
409,60.6850990246129,9.08536739331813,1,8,1
410,60.6576063909043,1.05759582239088,1,3,1
411,60.6598890756,3.08066425823649,1,1,1
412,60.6893032882345,3.69015942166912,1,7,3
413,60.7446571770195,2.89549794418613,1,7,3
414,60.751894174724,5.37611233174854,1,4,1
415,60.7762208737073,5.14899601397831,1,5,1
416,60.8066760249879,3.4429601465141,1,6,1
417,60.789927733104,3.19733426054521,1,1,1
418,60.7898638759919,3.20403282513631,1,1,1
419,60.7961786886422,6.24642893541315,1,8,1
420,60.7401093674792,10.2444603727078,1,9,1
421,60.766391985567,6.31886162570477,1,8,1
422,60.7759685852072,0,1,8,2
423,60.7879317340701,0.810607451052637,1,1,1
424,60.7521830662956,6.05124464418393,1,4,1
425,60.7271632128808,0.662194881887056,1,3,1
426,60.6933834093196,6.65699377983495,1,6,1
427,60.6703902649021,5.03543545843926,1,4,1
428,60.6895925856602,7.57588821470272,1,9,1
429,60.6625362975458,4.08642781194074,1,5,1
430,60.6726651680076,0.530789891138466,1,3,3
431,60.6904614250511,1.2316437563413,1,2,1
432,60.7049646039785,6.59733093092706,1,8,1
433,60.6955342510041,6.50451099010051,1,5,1
434,60.7229739824212,0.801165334832497,1,2,1
435,60.714375390116,0,1,1,2
436,60.7363643379472,2.91183574258455,1,7,3
437,60.7184179451894,0.811183042414498,1,2,1
438,60.6724275555273,10.7107731360018,1,9,1
439,60.6778692154515,3.3003057128227,1,7,3
440,60.6991691043639,0.669712902038609,1,2,1
441,60.7230233941024,0.690220796757466,1,3,1
442,60.7444436339332,4.05498943191146,1,7,3
443,60.7800682163381,2.71695034421266,1,5,1
444,60.7926420982061,3.26960669382984,1,5,1
445,60.8038545027216,7.32608266540944,1,9,1
446,60.781737005789,5.35663410297908,1,7,3
447,60.773439086731,10.2281955596674,1,8,1
448,60.7780661647525,7.10681924075469,1,9,1
449,60.7670147397662,3.96705363420112,1,6,1
450,60.8325662080123,0.417503583493344,1,2,1
451,60.8324978861247,7.61633550807241,1,8,1
452,60.8147042937073,6.20766744766515,1,5,1
453,60.8130426859413,4.22301798851433,1,6,1
454,60.8472055436913,0,1,8,2
455,60.7914511033635,1.55088218240537,1,1,1
456,60.7639567652934,5.81814349035711,1,6,1
457,60.7535690174335,0.120479763648072,1,2,1
458,60.742712068849,4.96421303533909,1,5,1
459,60.7301291553258,0.60310628198464,1,1,1
460,60.7585085336994,0.905809862178788,1,2,1
461,60.7605930507238,1.13175248593642,1,2,1
462,60.8144172909317,3.71234576773092,1,5,1
463,60.8341148115548,3.06835466325251,1,7,3
464,60.8261072189242,6.08962128269398,1,5,1
465,60.8329775231011,8.73691023090731,1,9,1
466,60.7874975037096,4.93341267912777,1,4,1
467,60.746477337307,3.66065691063238,1,3,1
468,60.7297081373655,9.67916009850333,1,8,1
469,60.7239866509127,2.27979287410277,1,3,1
470,60.711453784851,10.3875854946083,1,9,1
471,60.7482726915464,0.0853358339317032,1,2,1
472,60.7215465083715,11.5297960828366,1,9,1
473,60.7299606456802,0.391642207083119,1,3,1
474,60.6982914438969,10.8811451636848,1,8,1
475,60.7163369807312,2.22368808821425,1,5,3
476,60.7041063557368,10.69263710973,1,8,1
477,60.6316359142123,1.13483985841599,1,3,1
478,60.6794212980825,3.36702913811352,1,6,1
479,60.67946115457,9.46690089050473,1,9,1
480,60.657817565427,5.97309514308193,1,5,1
481,60.6561711071562,6.20857874845186,1,6,1
482,60.6493524336101,3.62224188888114,1,7,3
483,60.6405864267287,4.73854629907509,1,5,1
484,60.6476951171248,5.79933119728477,1,4,1
485,60.6637191622011,2.50883444193335,1,5,3
486,60.6847128194912,7.24359628799426,1,8,1
487,60.6630726205776,0.522733898473495,1,2,1
488,60.6694664523107,2.58880799754203,1,2,1
489,60.6964831576794,0,1,8,2
490,60.6941819520856,8.86709972630034,1,8,1
491,60.6838600761565,4.83422520802016,1,4,1
492,60.637004637568,8.44676118509805,1,5,1
493,60.5989979491056,3.55324619075189,1,1,1
494,60.6031222852506,1.78098842600901,1,1,1
495,60.5734218095953,5.68455993382069,1,5,1
496,60.5496057192179,4.17011800888837,1,5,1
497,60.5389411387411,6.21039417714896,1,5,1
498,60.5038861685572,0.989317703515075,1,2,1
499,60.5583884018345,5.17843409010157,1,8,1
500,60.5674333277908,8.88783678037291,1,9,1
501,60.5619381345413,7.19438177173062,1,8,1
502,60.538779350309,6.24645866883958,1,5,1
503,60.5163242680444,3.62144276488118,1,1,1
504,60.540778582761,6.4129289972519,1,8,1
505,60.5175548411325,8.01410896380552,1,8,1
506,60.5163024889201,1.60978309512275,1,2,1
507,60.5121216886561,9.2243688509247,1,8,1
508,60.5043543287584,8.65972566205489,1,8,1
509,60.4614458887327,12.7201771337748,1,8,1
510,60.5061966324853,4.37628427330818,1,9,1
511,60.5073072839658,5.98322654486631,1,6,1
512,60.5001398144051,4.33551397303941,1,6,1
513,60.4724984362201,11.3179089320254,1,9,1
514,60.4770345061186,4.0624558675851,1,7,3
515,60.5056921475929,0.334724329437896,1,1,1
516,60.520357150629,0.225601632156168,1,1,1
517,60.5333820984431,3.29407421546245,1,5,1
518,60.5129560034917,9.34197203689492,1,9,1
519,60.540431507443,3.70584865126356,1,7,3
520,60.560834367858,1.22741790594546,1,3,1
521,60.5131113571573,8.27330409766098,1,4,1
522,60.4813487741205,4.79333170601233,1,6,1
523,60.4683658557011,10.623615128957,1,8,1
524,60.4779288176347,3.76295556569917,1,7,3
525,60.4627684283065,9.39339947739284,1,8,1
526,60.4333072264255,5.8045308308869,1,4,1
527,60.4247634882314,4.41187430505809,1,4,1
528,60.4283090448806,2.62229406369262,1,2,1
529,60.3958759691065,0.718395012623539,1,3,1
530,60.3667514097781,10.715413326349,1,8,1
531,60.3486982333839,9.25741350463122,1,8,1
532,60.3170802013181,12.5966351332448,1,8,1
533,60.2845439522885,12.613499706998,1,9,1
534,60.2789910944592,5.74908055619375,1,4,1
535,60.3025952103845,5.95920896531489,1,8,1
536,60.3035376429633,4.59166052143991,1,7,3
537,60.3184676144148,3.64395664421737,1,7,3
538,60.3247167261515,2.30092559580517,1,2,1
539,60.3288539596407,2.15066518957298,1,4,3
540,60.3512382384811,1.02160109134063,1,2,1
541,60.3609676125751,8.60321514004539,1,9,1
542,60.3899324904733,4.38616309512239,1,4,1
543,60.365575526242,2.75831779407865,1,2,1
544,60.3681901749769,3.23493516545545,1,7,3
545,60.3646557301156,6.3141821575849,1,6,1
546,60.3853111276716,0,1,5,2
547,60.3981684995565,0.983088726610915,1,3,1
548,60.3963651210321,6.71956348193152,1,8,1
549,60.3796004993815,5.87035887095443,1,4,1
550,60.3645196909897,8.68380444617681,1,8,1
551,60.3804792727536,4.37565591016364,1,6,1
552,60.4148749329283,5.70249513430579,1,8,1
553,60.4214149824141,5.12323739805431,1,6,1
554,60.4288330611099,5.13757722778496,1,6,1
555,60.4528826944587,3.33144074720875,1,7,3
556,60.4696797923597,1.68604132424379,1,4,3
557,60.4521967360733,1.53146810718151,1,2,1
558,60.4342586726956,0.331899858429481,1,2,1
559,60.4370690119132,7.22663323868226,1,9,1
560,60.4280072373948,6.64396449753091,1,6,1
561,60.439022943344,6.19207551909624,1,8,1
562,60.4395283271463,2.0837803828354,1,1,1
563,60.4570501879545,1.12091956207832,1,3,1
564,60.4489967343784,0.153969519051453,1,1,1
565,60.4369379350844,3.84805487484389,1,6,1
566,60.4437483444636,5.4313356099982,1,5,1
567,60.4283922837381,4.3988333796716,1,5,1
568,60.4422436272709,3.72891666911096,1,4,1
569,60.4629498560158,0,1,8,2
570,60.4611473644862,3.49272004709387,1,5,1
571,60.4628064527674,4.98772498894907,1,5,1
572,60.4608319005319,3.93774466722564,1,7,3
573,60.4503076449347,4.28836874093236,1,6,1
574,60.4817684326229,4.31174757023705,1,6,1
575,60.4916575506206,3.82244408940988,1,7,3
576,60.5080550014102,3.93733289766151,1,7,3
577,60.4959690940793,1.60585987754133,1,1,1
578,60.4782832113033,10.6969909542798,1,8,1
579,60.4616330475662,5.62479364476898,1,5,1
580,60.4564319267501,2.67207223743756,1,2,1
581,60.4539224806265,4.62152183159937,1,4,1
582,60.4915041245847,6.17498986077518,1,8,1
583,60.4680035954877,5.99095506641565,1,5,1
584,60.500277279729,0,1,2,2
585,60.4994150076287,6.3263896883832,1,6,1
586,60.519395702687,1.89859528954475,1,1,1
587,60.5370363528394,0,1,2,2
588,60.5254648442551,1.41987102749368,1,2,1
589,60.544391484994,1.02020012810806,1,2,1
590,60.5292045372109,1.72666211991361,1,3,1
591,60.5339115891743,1.31010650008849,1,2,1
592,60.5691322547256,4.13916124230689,1,6,1
593,60.5836467516541,1.54153979251881,1,1,1
594,60.5600410611352,4.17028640824944,1,4,1
595,60.5885233425798,6.31953779427361,1,9,1
596,60.5668347322541,5.69264713522882,1,5,1
597,60.5933784713066,2.43603869352128,1,7,3
598,60.6196924186914,1.24632020334664,1,1,1
599,60.610283344258,2.05504330538935,1,1,1
600,60.6291875994635,0.328176532450079,1,3,1
601,60.6590748472397,0,1,1,2
602,60.6627141130718,2.65438115587698,1,2,1
603,60.6765652563735,1.50142765357047,1,1,1
604,60.642217904783,1.17475421845225,1,2,1
605,60.6530568466533,1.05623106154599,1,1,1
606,60.6215434011934,5.96533937195563,1,5,1
607,60.5764590770605,2.95629755165389,1,1,1
608,60.5792089159917,3.50694193511688,1,6,1
609,60.556183899067,6.12990198172492,1,4,1
610,60.5684799654337,5.9871889633012,1,8,1
611,60.5323259705461,0.529003366140783,1,3,1
612,60.5435069763103,6.93829994152009,1,8,1
613,60.5379333703405,6.53695027833532,1,5,1
614,60.5370756475349,0.814246907676246,1,2,1
615,60.5477894771134,7.68344184142668,1,8,1
616,60.5336514044784,10.3319495753659,1,8,1
617,60.517357751859,0.703918020713791,1,3,1
618,60.5331374883688,2.29461930248684,1,2,1
619,60.5113414915755,9.71845956824598,1,8,1
620,60.5040154385208,7.96170292124815,1,9,1
621,60.4818431345569,2.24236570909974,1,2,1
622,60.4723793300236,2.27808243210048,1,1,1
623,60.4379012614123,4.95392010820809,1,5,1
624,60.4150788462324,5.92901662646362,1,6,1
625,60.4228553154877,5.61674935173718,1,4,1
626,60.4439333069133,2.81862749850686,1,5,1
627,60.4232726767881,5.55556600699616,1,4,1
628,60.400533422502,9.16020462093662,1,8,1
629,60.4127895263609,0.315674476337365,1,1,1
630,60.4202622160642,2.30740445237697,1,2,1
631,60.3953654052713,8.88116381158508,1,9,1
632,60.3940844353602,8.9554673220682,1,8,1
633,60.3972564182107,4.91095986104926,1,5,1
634,60.396755019341,5.24970431509484,1,6,1
635,60.4100271802106,0.457532705977105,1,3,3
636,60.4194081138558,3.98459110142704,1,4,1
637,60.4197210815676,5.26647342539367,1,5,1
638,60.4085686863754,2.67654487880204,1,1,1
639,60.4127621708602,2.54571450335207,1,3,1
640,60.3946161951678,4.45082263645428,1,6,1
641,60.3671370209504,0.25591222938305,1,2,1
642,60.3807723897902,2.73078096270045,1,3,1
643,60.3655952903884,2.43133977106101,1,2,1
644,60.366993553942,3.20274799331348,1,2,1
645,60.3802737282512,0,1,1,2
646,60.401932617618,6.73324105488844,1,9,1
647,60.3872008652649,6.7991210051374,1,4,1
648,60.3844022216065,6.94612716778073,1,9,1
649,60.3939408262969,7.012309443575,1,9,1
650,60.4291037654799,3.04229857165177,1,6,1
651,60.4230595042243,0.913202547318409,1,1,1
652,60.4041659512439,6.39532614913489,1,5,1
653,60.4240083880294,4.53389244628206,1,4,1
654,60.4197825047009,7.71398523768661,1,8,1
655,60.4258108641999,3.97651148174806,1,4,1
656,60.4128135744586,1.43698461605827,1,3,1
657,60.4306382017308,2.26380140509823,1,2,1
658,60.4192503720249,4.03501508553186,1,5,1
659,60.4529722589277,0,0,5,2
660,60.4610987647512,5.15053282271927,1,5,1
661,60.4964740984607,2.1614252180884,1,5,1
662,60.5257314773278,6.6248774565425,1,8,1
663,60.5233260667296,6.1199227717183,1,6,1
664,60.5294631652289,1.09299876203048,1,2,3
665,60.5048962173967,1.27659115921765,1,3,1
666,60.5231301120638,1.20778776986992,1,3,1
667,60.5334954264041,2.1539878994218,1,1,1
668,60.5450105319292,1.36928254065423,1,3,1
669,60.5780998402076,1.17101617249559,1,1,1
670,60.6151791102095,1.65542425098962,1,3,1
671,60.6157785392829,1.70322744631702,1,2,1
672,60.6518762573682,0,1,9,2
673,60.6549026553065,0.764070890924528,1,3,1
674,60.6751619099141,0,1,6,2
675,60.6696315488171,4.28089125617447,1,6,1
676,60.7036577908088,6.02755441226492,1,8,1
677,60.7053853331767,1.08159342757533,1,1,1
678,60.6950538403286,4.38362295724068,1,5,1
679,60.704166091605,4.29283935289521,1,7,3
680,60.7151712884269,0,1,8,2
681,60.7237700752661,7.27220539715661,1,8,1
682,60.7107221396574,2.89924802483966,1,3,1
683,60.6991349649558,1.90342429420443,1,2,1
684,60.696757504127,6.73452995329739,1,9,1
685,60.7186940297091,0,1,7,2
686,60.7394367588437,4.17169581710483,1,6,1
687,60.7502068690451,4.95650419811499,1,6,1
688,60.7684860651586,0,1,2,2
689,60.7518555204909,8.93709701754034,1,8,1
690,60.7635891122683,1.59706556001146,1,3,1
691,60.7742481339948,2.80344096408359,1,1,1
692,60.7938020772665,3.22592632039497,1,5,1
693,60.8015012256222,4.54464516005259,1,5,1
694,60.7795605351216,2.95571302936131,1,1,1
695,60.7775278051986,1.15703578961719,1,2,1
696,60.7859508245247,5.43862244273823,1,4,1
697,60.7923245335674,2.63948158325396,1,1,1
698,60.8192680590227,3.88819599730399,1,4,1
699,60.8091333135256,1.69054333698832,1,3,1
700,60.7670192343658,7.02601939714123,1,5,1
701,60.7425520412584,6.70260257521865,1,6,1
702,60.7681969898438,0.35779437690725,1,2,1
703,60.7344500762414,4.5720489801418,1,5,1
704,60.7159409002818,1.60783655133267,1,2,1
705,60.7032827122947,0.717333395074213,1,2,1
706,60.7072466637892,4.65313726615141,1,7,3
707,60.7082585571189,3.10624743383283,1,2,1
708,60.725875126351,3.17865867448862,1,7,3
709,60.7538569069778,1.68974897677727,1,2,1
710,60.7776781701541,4.81038127988223,1,8,1
711,60.7892969264712,3.18531556853405,1,7,3
712,60.7884563053877,5.89967753205252,1,4,1
713,60.7815744351733,5.01078511884134,1,6,1
714,60.7818901735043,4.03841823732396,1,5,1
715,60.8061779770781,2.44700932320998,1,4,1
716,60.7504674170447,15.1663626868776,1,9,1
717,60.7542910364923,3.91419144903246,1,7,3
718,60.7375290991944,11.4006180448289,1,8,1
719,60.7055805490114,1.68627296594051,1,3,1
720,60.7104507014668,3.39169071461588,1,7,3
721,60.7045966877274,4.90567981155035,1,7,3
722,60.7333974293309,1.16828651273049,1,1,1
723,60.736633668237,0.628832315247893,1,2,1
724,60.7514944762753,2.97054055233578,1,7,3
725,60.7685205192283,4.51880259825182,1,5,1
726,60.7888155568136,3.12610663478846,1,7,3
727,60.7776818818881,1.55498037266713,1,2,1
728,60.7649678515154,9.04277339345634,1,9,1
729,60.7765160342393,0.856447647600074,1,3,3
730,60.8138192851984,0.891338833504588,1,2,1
731,60.7958179977863,1.96628826416116,1,2,1
732,60.782131960589,9.27500403745718,1,8,1
733,60.78392691378,6.3785380273673,1,8,1
734,60.7716777959491,5.8861817694571,1,5,1
735,60.7871673688055,2.83397905610462,1,4,1
736,60.7998948412949,7.2560051534976,1,9,1
737,60.7808207310509,4.7498894577002,1,5,1
738,60.7905936556288,3.54573800733447,1,7,3
739,60.7908731780221,4.3068027321055,1,5,1
740,60.7815245052445,4.14125833316533,1,5,1
741,60.7669844434978,5.35513033293344,1,6,1
742,60.7932254004711,2.01388939923003,1,3,1
743,60.8229540264109,4.64890617357884,1,9,1
744,60.8467141684588,3.50771792353017,1,4,1
745,60.8400426331576,2.45082301142301,1,2,1
746,60.8395131714476,8.88892353231971,1,8,1
747,60.8542382493213,3.05581887091031,1,4,1
748,60.8348676642424,6.62747346872349,1,4,1
749,60.8313610463298,9.28562574246265,1,9,1
750,60.8406216877246,5.41306389153505,1,4,1
751,60.8386749628068,1.16976807561068,1,2,1
752,60.8389664100196,4.57873661180588,1,7,3
753,60.8620472077372,4.41086442008106,1,4,1
754,60.8803739704276,2.54735848437749,1,4,1
755,60.8583099755871,1.74398731588968,1,3,1
756,60.8671421791202,3.46069588690261,1,9,3
757,60.8632517605294,6.31186989370326,1,6,1
758,60.8648668818735,5.12416123871323,1,5,1
759,60.8900431012684,2.9687241286821,1,7,3
760,60.9140079242424,5.39111784374049,1,8,1
761,60.9311777047373,0,1,2,2
762,60.9532038315521,2.21301446107785,1,3,1
763,60.9788429199874,1.65200850590869,1,1,1
764,60.9667615162601,8.32280406668031,1,8,1
765,60.949727683701,0.399587457532005,1,1,1
766,60.9633168007114,2.31569265130192,1,5,3
767,60.9500861685816,8.72403273835568,1,9,1
768,60.9660893872514,6.87140607254583,1,8,1
769,60.9420009789877,4.36920410867722,1,5,1
770,60.9181078477472,10.4574400309729,1,8,1
771,60.8975673334871,1.37080135457355,1,2,1
772,60.8716169935865,11.032311707089,1,9,1
773,60.8677951795795,1.3118681101897,1,3,1
774,60.8773062104096,3.41192314203206,1,6,1
775,60.8810188229488,7.44833934629788,1,9,1
776,60.8768612405392,1.55267676651642,1,2,1
777,60.8894874324633,1.89038599026782,1,2,1
778,60.8860956823517,7.35511267940407,1,8,1
779,60.8862138016016,3.51439454281735,1,7,3
780,60.866590065933,7.90407494705995,1,6,1
781,60.8730400017455,3.13309638441146,1,7,3
782,60.8445053324521,7.26813698933019,1,6,1
783,60.822935954734,3.14871827220887,1,2,1
784,60.8190563683205,3.54072611823958,1,5,1
785,60.8060766379952,1.03482917934238,1,2,3
786,60.7932986219686,10.3507445060815,1,9,1
787,60.8156605198304,3.99884785310632,1,5,1
788,60.8150379445583,3.93134815408436,1,5,1
789,60.8126246671732,2.34958798799623,1,4,3
790,60.8191234798658,8.45233545712719,1,8,1
791,60.8114822107568,1.6601332521805,1,1,1
792,60.7988864129189,6.68804121303864,1,6,1
793,60.8277190394842,3.08351741746694,1,5,1
794,60.8216718465619,6.44306681794215,1,5,1
795,60.8192504975391,0.0908109001881142,1,1,3
796,60.8193495980384,0,1,7,2
797,60.8517941221986,5.21065341803425,1,9,1
798,60.881733847521,3.30548866541228,1,4,1
799,60.8985836703211,0,1,7,2
800,60.8962451696837,4.63131736750139,1,7,3
801,60.9129694029421,5.40085212971157,1,9,1
802,60.909258044431,1.57190242833484,1,3,1
803,60.926082015723,4.36770943448829,1,5,1
804,60.9300432738808,5.65444851597632,1,4,1
805,60.9118064382479,5.16393523993771,1,5,1
806,60.8952560799633,8.83260717572314,1,9,1
807,60.907459108699,7.67491400010002,1,8,1
808,60.9119036206388,4.27037236679573,1,7,3
809,60.9302664525817,3.34147255520655,1,4,1
810,60.9303793231484,1.11079637062027,1,1,1
811,60.9280649092875,9.98614244531216,1,8,1
812,60.9323011344324,7.75071552927422,1,9,1
813,60.9412011109811,1.07090732291359,1,1,1
814,60.9268288073282,5.36992067142676,1,7,3
815,60.9185856877839,4.71064071165683,1,7,3
816,60.938934102317,3.71259483210218,1,6,1
817,60.9251724878944,6.84384446945572,1,4,1
818,60.930407107975,3.62478222542855,1,6,1
819,60.9309984569434,0.530246006109098,1,2,1
820,60.9256336868411,3.52564281544217,1,5,1
821,60.9352252950211,3.42527594518512,1,7,3
822,60.9144625926786,0.0583612367385962,1,1,1
823,60.9105355354692,3.45303651535969,1,5,1
824,60.9169243921911,3.58085530613265,1,6,1
825,60.8836281686289,7.63262611317658,1,5,1
826,60.8924822399446,7.97013530121887,1,8,1
827,60.887338827312,3.61141969272506,1,4,1
828,60.8915724923792,3.19585585469308,1,6,1
829,60.8793075914007,8.43670412834993,1,9,1
830,60.8968363816896,3.34279561537041,1,4,1
831,60.9177502749929,1.57800602691505,1,3,1
832,60.8781139720389,6.85835171068969,1,5,1
833,60.882355175844,1.2992097201093,1,2,1
834,60.8801477413925,1.77342087462426,1,3,1
835,60.8952327033041,3.85121044385143,1,6,1
836,60.9073766855673,3.37159781834092,1,5,1
837,60.9249663105954,3.36569319816262,1,7,3
838,60.9317339449905,3.20840875351359,1,5,1
839,60.9093527814691,7.39875621160534,1,6,1
840,60.9142848657953,5.7446853207248,1,4,1
841,60.8937559017752,0.164475149691364,1,2,1
842,60.8878649594597,7.06052380891692,1,8,1
843,60.889260762485,1.70575825943716,1,2,1
844,60.8842916247693,10.0461931918006,1,8,1
845,60.8819525285425,1.49892917324698,1,3,1
846,60.8635661106531,5.12138386412946,1,4,1
847,60.8676680401981,0.788651454815876,1,1,1
848,60.877585915287,4.21182918464291,1,7,3
849,60.8474661283648,7.02488102583153,1,6,1
850,60.816223906751,8.3969138587314,1,5,1
851,60.7995590256805,0.814813307087475,1,1,1
852,60.8031672413587,7.00090913371247,1,9,1
853,60.7836113797075,2.62245703852207,1,3,1
854,60.7887346001944,4.09762584074512,1,9,3
855,60.7869913893243,2.04813084642301,1,3,1
856,60.7943836633247,1.67907802212334,1,1,1
857,60.7898110167017,0.38029785037509,1,3,1
858,60.7989528747989,4.01951232014554,1,5,1
859,60.8058194600021,4.99770128774809,1,6,1
860,60.7994546019331,0.70462282787907,1,3,1
861,60.8129736758468,6.13415476868104,1,9,1
862,60.8273930983435,3.51652152444454,1,5,1
863,60.8407008867495,4.17436926449695,1,4,1
864,60.8087764259753,6.29345555749477,1,5,1
865,60.8072995360001,4.02391609809156,1,6,1
866,60.8199745741464,0,1,6,2
867,60.799187308834,1.9839151088055,1,1,1
868,60.7920362298068,1.96215271721804,1,1,1
869,60.8052910494394,3.42061759224572,1,7,3
870,60.7925705042751,10.9950578859065,1,9,1
871,60.7810235003148,4.254054495715,1,6,1
872,60.7702067928425,3.08182460452108,1,1,1
873,60.7845963245552,5.03148273173663,1,5,1
874,60.7680169366498,4.99360118693267,1,6,1
875,60.7664714357923,0.256115817626234,1,3,1
876,60.772457225306,1.40174455890324,1,2,1
877,60.7751381772517,3.39204557309045,1,8,3
878,60.7912264702421,4.93865553377009,1,5,1
879,60.8065483578682,0.205714528731501,1,1,1
880,60.7936721952019,2.59622605043911,1,2,1
881,60.791889868932,2.33780351082293,1,2,1
882,60.8154313831303,4.35939023614872,1,9,1
883,60.8005570162813,0.234525346853395,1,2,1
884,60.8067554647122,0.925747096280873,1,3,1
885,60.8146053928558,3.46641510473074,1,7,3
886,60.8209688861919,1.58552201846962,1,2,1
887,60.8380904027425,4.8193809759651,1,4,1
888,60.8492294499959,0,1,1,2
889,60.8632507471539,0.77627551030408,1,3,1
890,60.8537032076479,2.71707843513482,1,3,1
891,60.8544245328322,3.51695171205141,1,7,3
892,60.8334065879357,11.006663908639,1,8,1
893,60.8359530230861,7.85534189307566,1,9,1
894,60.848074061546,3.19111839071809,1,4,1
895,60.8574425596969,5.64824655950623,1,8,1
896,60.8495480585672,2.24223015171653,1,3,1
897,60.8383094530954,3.35499464857638,1,2,1
898,60.8463310858333,3.87023818721506,1,7,3
899,60.8496055305081,0.121565281723885,1,2,1
900,60.8055252631374,1.39272560824765,1,3,1
901,60.7923777087319,2.42936068962809,1,2,1
902,60.7775055654525,0.318984145630586,1,1,1
903,60.7856321010827,0,1,3,2
904,60.7894097757866,5.42920901863129,1,4,1
905,60.7859735730582,4.35051029340418,1,6,1
906,60.7920409961287,4.00221116010715,1,7,3
907,60.8062828024441,6.25244438019724,1,9,1
908,60.8028863781942,3.54198669234175,1,5,1
909,60.7988411643667,2.68926810651517,1,2,1
910,60.8109796822873,0,1,4,2
911,60.7979125856028,6.94286178036529,1,5,1
912,60.7939839624448,2.78240082854546,1,3,1
913,60.7712087644673,8.2386401879949,1,6,1
914,60.7888549218562,2.96386985599229,1,5,1
915,60.7958499137828,4.84661816280258,1,5,1
916,60.7983234438404,2.05232575878734,1,6,3
917,60.8063382903763,2.51897307369699,1,3,1
918,60.8004808778472,10.1714765843899,1,8,1
919,60.7878712352793,8.93793477063348,1,8,1
920,60.8093354854931,0.932538728872362,1,2,1
921,60.8072952000213,8.77788234038537,1,8,1
922,60.8118439405607,0,1,4,2
923,60.8211248142716,7.52927920363273,1,8,1
924,60.8032782684983,10.004037385023,1,8,1
925,60.8026968063983,2.10979400954462,1,6,3
926,60.7962573606871,0.241745317566485,1,1,1
927,60.7909740135947,2.86194017412714,1,2,1
928,60.7921472334264,5.23662911721481,1,5,1
929,60.7815084316141,7.21434167670287,1,5,1
930,60.7762060405738,2.74640137362795,1,1,1
931,60.7610921215754,1.6885216027869,1,2,1
932,60.747649691032,9.88724223710952,1,8,1
933,60.7494996870937,9.41038304641176,1,8,1
934,60.7432075365782,5.64503306088414,1,5,1
935,60.7490508971116,1.53403163382686,1,2,1
936,60.7521313381081,2.55003616701785,1,3,1
937,60.7592080797074,0.161582498322761,1,1,1
938,60.7466139000365,10.7355225570449,1,9,1
939,60.7379242724276,1.31425781763565,1,2,1
940,60.7262443691609,6.72256914231522,1,4,1
941,60.7344873464158,0,1,1,2
942,60.7311307948698,5.73824562637701,1,5,1
943,60.711146973203,8.4068477189972,1,6,1
944,60.7271317381015,0,1,9,2
945,60.7308074554777,1.91541160478107,1,3,1
946,60.7435198499193,0.087001942327908,1,2,1
947,60.7552595247563,0,1,2,2
948,60.7505472824075,4.73861327434062,1,7,3
949,60.7508494127431,8.5738119492965,1,8,1
950,60.7758106503961,3.57589358722934,1,5,1
951,60.7675956028386,6.67656432337349,1,4,1
952,60.7840260158526,2.41829845982286,1,7,3
953,60.7735090703202,2.00328119998382,1,2,1
954,60.7447554453788,13.0740564994715,1,9,1
955,60.7450300461393,4.10948696788515,1,6,1
956,60.7550272866625,3.16298388359738,1,6,1
957,60.7456029947478,5.84495900404163,1,5,1
958,60.7400224495461,0.251804572519061,1,2,3
959,60.7373124149745,1.71214891817649,1,2,1
960,60.7171075960729,9.60110631840008,1,9,1
961,60.7320199734532,0.617960493980259,1,1,1
962,60.7302759306296,6.04553401690424,1,5,1
963,60.7205544382098,2.77685576853696,1,3,1
964,60.7121143118834,4.35279298288098,1,5,1
965,60.7344478505424,1.80008429678614,1,2,1
966,60.7187991382871,4.38692667393663,1,5,1
967,60.7282923673098,3.00133364276563,1,7,3
968,60.7296509907852,2.84110532938322,1,2,1
969,60.7512353566221,3.63924846761491,1,5,1
970,60.729574720866,6.28309770675712,1,4,1
971,60.7442639390967,2.49977376011431,1,7,3
972,60.7516759995182,8.10742787857065,1,9,1
973,60.7775119691071,0,1,7,2
974,60.7556320806217,2.85567848420266,1,2,1
975,60.7474977101023,0.345051386842734,1,1,1
976,60.7407669357343,2.83256870031341,1,3,1
977,60.7470920807702,5.22726001777663,1,4,1
978,60.7373118216212,0.58376547464371,1,2,1
979,60.7320686043405,5.29284648798087,1,6,1
980,60.7036578034909,8.53064264390954,1,6,1
981,60.6849230564401,4.30284269021253,1,4,1
982,60.6971096044442,6.06020807774534,1,9,1
983,60.6914272391749,1.1341655836752,1,2,1
984,60.7009389227607,0.62066219995684,1,2,1
985,60.7099587260747,3.07029576570098,1,7,3
986,60.7162191868928,4.38490514769188,1,4,1
987,60.7194251019129,6.35888388436748,1,9,1
988,60.7229458514116,3.99336212024912,1,5,1
989,60.7140049054356,2.78750610074808,1,2,1
990,60.7188681163713,7.41831820303047,1,9,1
991,60.7038880379139,9.78818135508011,1,9,1
992,60.712404055624,2.94915686200477,1,7,3
993,60.7229292824251,2.20641026067657,1,2,1
994,60.7125629138743,6.76892573711885,1,4,1
995,60.7153525922864,3.3891120257708,1,6,1
996,60.7161708264218,0.884968470827747,1,2,1
997,60.7064410370151,10.4456096026859,1,9,1
998,60.7082449842964,1.30633974995666,1,1,1
999,60.7159426309146,4.09905427807705,1,7,3
1000,60.7192735253934,4.15998201620151,1,4,1
